-- phpMyAdmin SQL Dump
-- version 5.2.1
-- https://www.phpmyadmin.net/
--
-- Host: 127.0.0.1
-- Gegenereerd op: 10 jun 2024 om 08:11
-- Serverversie: 10.4.32-MariaDB
-- PHP-versie: 8.2.12

SET SQL_MODE = "NO_AUTO_VALUE_ON_ZERO";
START TRANSACTION;
SET time_zone = "+00:00";


/*!40101 SET @OLD_CHARACTER_SET_CLIENT=@@CHARACTER_SET_CLIENT */;
/*!40101 SET @OLD_CHARACTER_SET_RESULTS=@@CHARACTER_SET_RESULTS */;
/*!40101 SET @OLD_COLLATION_CONNECTION=@@COLLATION_CONNECTION */;
/*!40101 SET NAMES utf8mb4 */;

--
-- Database: `jq`
--

-- --------------------------------------------------------

--
-- Tabelstructuur voor tabel `continent`
--

CREATE TABLE `continent` (
  `id` int(11) NOT NULL,
  `Continent` varchar(25) NOT NULL
) ENGINE=InnoDB DEFAULT CHARSET=utf8mb4 COLLATE=utf8mb4_general_ci;

--
-- Gegevens worden geëxporteerd voor tabel `continent`
--

INSERT INTO `continent` (`id`, `Continent`) VALUES
(1, 'Africa'),
(2, 'Asia'),
(3, 'Europe'),
(4, 'North America'),
(5, 'Oceania'),
(6, 'South America');

-- --------------------------------------------------------

--
-- Tabelstructuur voor tabel `countries`
--

CREATE TABLE `countries` (
  `id` int(11) NOT NULL,
  `Rank` int(11) NOT NULL,
  `cca3` char(3) NOT NULL,
  `Capital` varchar(50) NOT NULL,
  `Country` varchar(50) NOT NULL,
  `Continent` varchar(50) NOT NULL,
  `km2_area` int(11) NOT NULL
) ENGINE=InnoDB DEFAULT CHARSET=utf8mb4 COLLATE=utf8mb4_general_ci;

--
-- Gegevens worden geëxporteerd voor tabel `countries`
--

INSERT INTO `countries` (`id`, `Rank`, `cca3`, `Capital`, `Country`, `Continent`, `km2_area`) VALUES
(1, 1, 'CHN', 'China', 'Beijing', 'Asia', 9706961),
(2, 2, 'IND', 'India', 'New Delhi', 'Asia', 3287590),
(3, 3, 'USA', 'United States', 'Washington, D.C.', 'North America', 9372610),
(4, 4, 'IDN', 'Indonesia', 'Jakarta', 'Asia', 1904569),
(5, 5, 'PAK', 'Pakistan', 'Islamabad', 'Asia', 881912),
(6, 6, 'NGA', 'Nigeria', 'Abuja', 'Africa', 923768),
(7, 7, 'BRA', 'Brazil', 'Brasilia', 'South America', 8515767),
(8, 8, 'BGD', 'Bangladesh', 'Dhaka', 'Asia', 147570),
(9, 9, 'RUS', 'Russia', 'Moscow', 'Europe', 17098242),
(10, 10, 'MEX', 'Mexico', 'Mexico City', 'North America', 1964375),
(11, 11, 'JPN', 'Japan', 'Tokyo', 'Asia', 377930),
(12, 12, 'ETH', 'Ethiopia', 'Addis Ababa', 'Africa', 1104300),
(13, 13, 'PHL', 'Philippines', 'Manila', 'Asia', 342353),
(14, 14, 'EGY', 'Egypt', 'Cairo', 'Africa', 1002450),
(15, 15, 'COD', 'DR Congo', 'Kinshasa', 'Africa', 2344858),
(16, 16, 'VNM', 'Vietnam', 'Hanoi', 'Asia', 331212),
(17, 17, 'IRN', 'Iran', 'Tehran', 'Asia', 1648195),
(18, 18, 'TUR', 'Turkey', 'Ankara', 'Asia', 783562),
(19, 19, 'DEU', 'Germany', 'Berlin', 'Europe', 357114),
(20, 20, 'THA', 'Thailand', 'Bangkok', 'Asia', 513120),
(21, 21, 'GBR', 'United Kingdom', 'London', 'Europe', 242900),
(22, 22, 'TZA', 'Tanzania', 'Dodoma', 'Africa', 945087),
(23, 23, 'FRA', 'France', 'Paris', 'Europe', 551695),
(24, 24, 'ZAF', 'South Africa', 'Pretoria', 'Africa', 1221037),
(25, 25, 'ITA', 'Italy', 'Rome', 'Europe', 301336),
(26, 26, 'MMR', 'Myanmar', 'Nay Pyi Taw', 'Asia', 676578),
(27, 27, 'KEN', 'Kenya', 'Nairobi', 'Africa', 580367),
(28, 28, 'COL', 'Colombia', 'Bogota', 'South America', 1141748),
(29, 29, 'KOR', 'South Korea', 'Seoul', 'Asia', 100210),
(30, 30, 'ESP', 'Spain', 'Madrid', 'Europe', 505992),
(31, 31, 'UGA', 'Uganda', 'Kampala', 'Africa', 241550),
(32, 32, 'SDN', 'Sudan', 'Khartoum', 'Africa', 1886068),
(33, 33, 'ARG', 'Argentina', 'Buenos Aires', 'South America', 2780400),
(34, 34, 'DZA', 'Algeria', 'Algiers', 'Africa', 2381741),
(35, 35, 'IRQ', 'Iraq', 'Baghdad', 'Asia', 438317),
(36, 36, 'AFG', 'Afghanistan', 'Kabul', 'Asia', 652230),
(37, 37, 'POL', 'Poland', 'Warsaw', 'Europe', 312679),
(38, 38, 'UKR', 'Ukraine', 'Kiev', 'Europe', 603500),
(39, 39, 'CAN', 'Canada', 'Ottawa', 'North America', 9984670),
(40, 40, 'MAR', 'Morocco', 'Rabat', 'Africa', 446550),
(41, 41, 'SAU', 'Saudi Arabia', 'Riyadh', 'Asia', 2149690),
(42, 42, 'AGO', 'Angola', 'Luanda', 'Africa', 1246700),
(43, 43, 'UZB', 'Uzbekistan', 'Tashkent', 'Asia', 447400),
(44, 44, 'PER', 'Peru', 'Lima', 'South America', 1285216),
(45, 45, 'MYS', 'Malaysia', 'Kuala Lumpur', 'Asia', 330803),
(46, 46, 'YEM', 'Yemen', 'Sanaa', 'Asia', 527968),
(47, 47, 'GHA', 'Ghana', 'Accra', 'Africa', 238533),
(48, 48, 'MOZ', 'Mozambique', 'Maputo', 'Africa', 801590),
(49, 49, 'NPL', 'Nepal', 'Kathmandu', 'Asia', 147181),
(50, 50, 'MDG', 'Madagascar', 'Antananarivo', 'Africa', 587041),
(51, 51, 'VEN', 'Venezuela', 'Caracas', 'South America', 916445),
(52, 52, 'CIV', 'Ivory Coast', 'Yamoussoukro', 'Africa', 322463),
(53, 53, 'CMR', 'Cameroon', 'Yaounde', 'Africa', 475442),
(54, 54, 'NER', 'Niger', 'Niamey', 'Africa', 1267000),
(55, 55, 'AUS', 'Australia', 'Canberra', 'Oceania', 7692024),
(56, 56, 'PRK', 'North Korea', 'Pyongyang', 'Asia', 120538),
(57, 57, 'TWN', 'Taiwan', 'Taipei', 'Asia', 36193),
(58, 58, 'BFA', 'Burkina Faso', 'Ouagadougou', 'Africa', 272967),
(59, 59, 'MLI', 'Mali', 'Bamako', 'Africa', 1240192),
(60, 60, 'SYR', 'Syria', 'Damascus', 'Asia', 185180),
(61, 61, 'LKA', 'Sri Lanka', 'Colombo', 'Asia', 65610),
(62, 62, 'MWI', 'Malawi', 'Lilongwe', 'Africa', 118484),
(63, 63, 'ZMB', 'Zambia', 'Lusaka', 'Africa', 752612),
(64, 64, 'ROU', 'Romania', 'Bucharest', 'Europe', 238391),
(65, 65, 'CHL', 'Chile', 'Santiago', 'South America', 756102),
(66, 66, 'KAZ', 'Kazakhstan', 'Nursultan', 'Asia', 2724900),
(67, 67, 'ECU', 'Ecuador', 'Quito', 'South America', 276841),
(68, 68, 'GTM', 'Guatemala', 'Guatemala City', 'North America', 108889),
(69, 69, 'TCD', 'Chad', 'N\'Djamena', 'Africa', 1284000),
(70, 70, 'SOM', 'Somalia', 'Mogadishu', 'Africa', 637657),
(71, 71, 'NLD', 'Netherlands', 'Amsterdam', 'Europe', 41850),
(72, 72, 'SEN', 'Senegal', 'Dakar', 'Africa', 196722),
(73, 73, 'KHM', 'Cambodia', 'Phnom Penh', 'Asia', 181035),
(74, 74, 'ZWE', 'Zimbabwe', 'Harare', 'Africa', 390757),
(75, 75, 'GIN', 'Guinea', 'Conakry', 'Africa', 245857),
(76, 76, 'RWA', 'Rwanda', 'Kigali', 'Africa', 26338),
(77, 77, 'BEN', 'Benin', 'Porto-Novo', 'Africa', 112622),
(78, 78, 'BDI', 'Burundi', 'Bujumbura', 'Africa', 27834),
(79, 79, 'TUN', 'Tunisia', 'Tunis', 'Africa', 163610),
(80, 80, 'BOL', 'Bolivia', 'Sucre', 'South America', 1098581),
(81, 81, 'BEL', 'Belgium', 'Brussels', 'Europe', 30528),
(82, 82, 'HTI', 'Haiti', 'Port-au-Prince', 'North America', 27750),
(83, 83, 'JOR', 'Jordan', 'Amman', 'Asia', 89342),
(84, 84, 'DOM', 'Dominican Republic', 'Santo Domingo', 'North America', 48671),
(85, 85, 'CUB', 'Cuba', 'Havana', 'North America', 109884),
(86, 86, 'SSD', 'South Sudan', 'Juba', 'Africa', 619745),
(87, 87, 'SWE', 'Sweden', 'Stockholm', 'Europe', 450295),
(88, 88, 'CZE', 'Czech Republic', 'Prague', 'Europe', 78865),
(89, 89, 'HND', 'Honduras', 'Tegucigalpa', 'North America', 112492),
(90, 90, 'GRC', 'Greece', 'Athens', 'Europe', 131990),
(91, 91, 'AZE', 'Azerbaijan', 'Baku', 'Asia', 86600),
(92, 92, 'PRT', 'Portugal', 'Lisbon', 'Europe', 92090),
(93, 93, 'PNG', 'Papua New Guinea', 'Port Moresby', 'Oceania', 462840),
(94, 94, 'HUN', 'Hungary', 'Budapest', 'Europe', 93028),
(95, 95, 'TJK', 'Tajikistan', 'Dushanbe', 'Asia', 143100),
(96, 96, 'BLR', 'Belarus', 'Minsk', 'Europe', 207600),
(97, 97, 'ARE', 'United Arab Emirates', 'Abu Dhabi', 'Asia', 83600),
(98, 98, 'ISR', 'Israel', 'Jerusalem', 'Asia', 20770),
(99, 99, 'AUT', 'Austria', 'Vienna', 'Europe', 83871),
(100, 100, 'TGO', 'Togo', 'Lomé', 'Africa', 56785),
(101, 101, 'CHE', 'Switzerland', 'Bern', 'Europe', 41284),
(102, 102, 'SLE', 'Sierra Leone', 'Freetown', 'Africa', 71740),
(103, 103, 'LAO', 'Laos', 'Vientiane', 'Asia', 236800),
(104, 104, 'HKG', 'Hong Kong', 'Hong Kong', 'Asia', 1104),
(105, 105, 'SRB', 'Serbia', 'Belgrade', 'Europe', 88361),
(106, 106, 'NIC', 'Nicaragua', 'Managua', 'North America', 130373),
(107, 107, 'LBY', 'Libya', 'Tripoli', 'Africa', 1759540),
(108, 108, 'BGR', 'Bulgaria', 'Sofia', 'Europe', 110879),
(109, 109, 'PRY', 'Paraguay', 'Asunción', 'South America', 406752),
(110, 110, 'KGZ', 'Kyrgyzstan', 'Bishkek', 'Asia', 199951),
(111, 111, 'TKM', 'Turkmenistan', 'Ashgabat', 'Asia', 488100),
(112, 112, 'SLV', 'El Salvador', 'San Salvador', 'North America', 21041),
(113, 113, 'SGP', 'Singapore', 'Singapore', 'Asia', 710),
(114, 114, 'COG', 'Republic of the Congo', 'Brazzaville', 'Africa', 342000),
(115, 115, 'DNK', 'Denmark', 'Copenhagen', 'Europe', 43094),
(116, 116, 'SVK', 'Slovakia', 'Bratislava', 'Europe', 49037),
(117, 117, 'CAF', 'Central African Republic', 'Bangui', 'Africa', 622984),
(118, 118, 'FIN', 'Finland', 'Helsinki', 'Europe', 338424),
(119, 119, 'LBN', 'Lebanon', 'Beirut', 'Asia', 10452),
(120, 120, 'NOR', 'Norway', 'Oslo', 'Europe', 323802),
(121, 121, 'LBR', 'Liberia', 'Monrovia', 'Africa', 111369),
(122, 122, 'PSE', 'Palestine', 'Ramallah', 'Asia', 6220),
(123, 123, 'NZL', 'New Zealand', 'Wellington', 'Oceania', 270467),
(124, 124, 'CRI', 'Costa Rica', 'San José', 'North America', 51100),
(125, 125, 'IRL', 'Ireland', 'Dublin', 'Europe', 70273),
(126, 126, 'MRT', 'Mauritania', 'Nouakchott', 'Africa', 1030700),
(127, 127, 'OMN', 'Oman', 'Muscat', 'Asia', 309500),
(128, 128, 'PAN', 'Panama', 'Panama City', 'North America', 75417),
(129, 129, 'KWT', 'Kuwait', 'Kuwait City', 'Asia', 17818),
(130, 130, 'HRV', 'Croatia', 'Zagreb', 'Europe', 56594),
(131, 131, 'GEO', 'Georgia', 'Tbilisi', 'Asia', 69700),
(132, 132, 'ERI', 'Eritrea', 'Asmara', 'Africa', 117600),
(133, 133, 'URY', 'Uruguay', 'Montevideo', 'South America', 181034),
(134, 134, 'MNG', 'Mongolia', 'Ulaanbaatar', 'Asia', 1564110),
(135, 135, 'MDA', 'Moldova', 'Chisinau', 'Europe', 33846),
(136, 136, 'PRI', 'Puerto Rico', 'San Juan', 'North America', 8870),
(137, 137, 'BIH', 'Bosnia and Herzegovina', 'Sarajevo', 'Europe', 51209),
(138, 138, 'ALB', 'Albania', 'Tirana', 'Europe', 28748),
(139, 139, 'JAM', 'Jamaica', 'Kingston', 'North America', 10991),
(140, 140, 'ARM', 'Armenia', 'Yerevan', 'Asia', 29743),
(141, 141, 'LTU', 'Lithuania', 'Vilnius', 'Europe', 65300),
(142, 142, 'GMB', 'Gambia', 'Banjul', 'Africa', 10689),
(143, 143, 'QAT', 'Qatar', 'Doha', 'Asia', 11586),
(144, 144, 'BWA', 'Botswana', 'Gaborone', 'Africa', 582000),
(145, 145, 'NAM', 'Namibia', 'Windhoek', 'Africa', 825615),
(146, 146, 'GAB', 'Gabon', 'Libreville', 'Africa', 267668),
(147, 147, 'LSO', 'Lesotho', 'Maseru', 'Africa', 30355),
(148, 148, 'SVN', 'Slovenia', 'Ljubljana', 'Europe', 20273),
(149, 149, 'GNB', 'Guinea-Bissau', 'Bissau', 'Africa', 36125),
(150, 150, 'MKD', 'North Macedonia', 'Skopje', 'Europe', 25713),
(151, 151, 'LVA', 'Latvia', 'Riga', 'Europe', 64559),
(152, 152, 'GNQ', 'Equatorial Guinea', 'Malabo', 'Africa', 28051),
(153, 153, 'TTO', 'Trinidad and Tobago', 'Port-of-Spain', 'North America', 5130),
(154, 154, 'BHR', 'Bahrain', 'Manama', 'Asia', 765),
(155, 155, 'TLS', 'Timor-Leste', 'Dili', 'Asia', 14874),
(156, 156, 'EST', 'Estonia', 'Tallinn', 'Europe', 45227),
(157, 157, 'MUS', 'Mauritius', 'Port Louis', 'Africa', 2040),
(158, 158, 'CYP', 'Cyprus', 'Nicosia', 'Europe', 9251),
(159, 159, 'SWZ', 'Eswatini', 'Mbabane', 'Africa', 17364),
(160, 160, 'DJI', 'Djibouti', 'Djibouti', 'Africa', 23200),
(161, 161, 'REU', 'Reunion', 'Saint-Denis', 'Africa', 2511),
(162, 162, 'FJI', 'Fiji', 'Suva', 'Oceania', 18272),
(163, 163, 'COM', 'Comoros', 'Moroni', 'Africa', 1862),
(164, 164, 'GUY', 'Guyana', 'Georgetown', 'South America', 214969),
(165, 165, 'BTN', 'Bhutan', 'Thimphu', 'Asia', 38394),
(166, 166, 'SLB', 'Solomon Islands', 'Honiara', 'Oceania', 28896),
(167, 167, 'MAC', 'Macau', 'Concelho de Macau', 'Asia', 30),
(168, 168, 'LUX', 'Luxembourg', 'Luxembourg', 'Europe', 2586),
(169, 169, 'MNE', 'Montenegro', 'Podgorica', 'Europe', 13812),
(170, 170, 'SUR', 'Suriname', 'Paramaribo', 'South America', 163820),
(171, 171, 'CPV', 'Cape Verde', 'Praia', 'Africa', 4033),
(172, 172, 'ESH', 'Western Sahara', 'El Aaiún', 'Africa', 266000),
(173, 173, 'MLT', 'Malta', 'Valletta', 'Europe', 316),
(174, 174, 'MDV', 'Maldives', 'Malé', 'Asia', 300),
(175, 175, 'BRN', 'Brunei', 'Bandar Seri Begawan', 'Asia', 5765),
(176, 176, 'BHS', 'Bahamas', 'Nassau', 'North America', 13943),
(177, 177, 'BLZ', 'Belize', 'Belmopan', 'North America', 22966),
(178, 178, 'GLP', 'Guadeloupe', 'Basse-Terre', 'North America', 1628),
(179, 179, 'ISL', 'Iceland', 'Reykjavík', 'Europe', 103000),
(180, 180, 'MTQ', 'Martinique', 'Fort-de-France', 'North America', 1128),
(181, 181, 'VUT', 'Vanuatu', 'Port-Vila', 'Oceania', 12189),
(182, 182, 'MYT', 'Mayotte', 'Mamoudzou', 'Africa', 374),
(183, 183, 'PYF', 'French Polynesia', 'Papeete', 'Oceania', 4167),
(184, 184, 'GUF', 'French Guiana', 'Cayenne', 'South America', 83534),
(185, 185, 'NCL', 'New Caledonia', 'Nouméa', 'Oceania', 18575),
(186, 186, 'BRB', 'Barbados', 'Bridgetown', 'North America', 430),
(187, 187, 'STP', 'Sao Tome and Principe', 'São Tomé', 'Africa', 964),
(188, 188, 'WSM', 'Samoa', 'Apia', 'Oceania', 2842),
(189, 189, 'CUW', 'Curacao', 'Willemstad', 'North America', 444),
(190, 190, 'LCA', 'Saint Lucia', 'Castries', 'North America', 616),
(191, 191, 'GUM', 'Guam', 'Hagåtña', 'Oceania', 549),
(192, 192, 'KIR', 'Kiribati', 'Tarawa', 'Oceania', 811),
(193, 193, 'GRD', 'Grenada', 'Saint George\'s', 'North America', 344),
(194, 194, 'FSM', 'Micronesia', 'Palikir', 'Oceania', 702),
(195, 195, 'JEY', 'Jersey', 'Saint Helier', 'Europe', 116),
(196, 196, 'SYC', 'Seychelles', 'Victoria', 'Africa', 452),
(197, 197, 'TON', 'Tonga', 'Nuku‘alofa', 'Oceania', 747),
(198, 198, 'ABW', 'Aruba', 'Oranjestad', 'North America', 180),
(199, 199, 'VCT', 'Saint Vincent and the Grenadines', 'Kingstown', 'North America', 389),
(200, 200, 'VIR', 'United States Virgin Islands', 'Charlotte Amalie', 'North America', 347),
(201, 201, 'ATG', 'Antigua and Barbuda', 'Saint John’s', 'North America', 442),
(202, 202, 'IMN', 'Isle of Man', 'Douglas', 'Europe', 572),
(203, 203, 'AND', 'Andorra', 'Andorra la Vella', 'Europe', 468),
(204, 204, 'DMA', 'Dominica', 'Roseau', 'North America', 751),
(205, 205, 'CYM', 'Cayman Islands', 'George Town', 'North America', 264),
(206, 206, 'BMU', 'Bermuda', 'Hamilton', 'North America', 54),
(207, 207, 'GGY', 'Guernsey', 'Saint Peter Port', 'Europe', 78),
(208, 208, 'GRL', 'Greenland', 'Nuuk', 'North America', 2166086),
(209, 209, 'FRO', 'Faroe Islands', 'Tórshavn', 'Europe', 1393),
(210, 210, 'NFK', 'Northern Mariana Islands', 'Saipan', 'Oceania', 464),
(211, 211, 'KNA', 'Saint Kitts and Nevis', 'Basseterre', 'North America', 261),
(212, 212, 'TCA', 'Turks and Caicos Islands', 'Cockburn Town', 'North America', 948),
(213, 213, 'ASM', 'American Samoa', 'Pago Pago', 'Oceania', 199),
(214, 214, 'SXM', 'Sint Maarten', 'Philipsburg', 'North America', 34),
(215, 215, 'MHL', 'Marshall Islands', 'Majuro', 'Oceania', 181),
(216, 216, 'LIE', 'Liechtenstein', 'Vaduz', 'Europe', 160),
(217, 217, 'MCO', 'Monaco', 'Monaco', 'Europe', 2),
(218, 218, 'SMR', 'San Marino', 'San Marino', 'Europe', 61),
(219, 219, 'GIB', 'Gibraltar', 'Gibraltar', 'Europe', 6),
(220, 220, 'MAF', 'Saint Martin', 'Marigot', 'North America', 53),
(221, 221, 'VGB', 'British Virgin Islands', 'Road Town', 'North America', 151),
(222, 222, 'PLW', 'Palau', 'Ngerulmud', 'Oceania', 459),
(223, 223, 'COK', 'Cook Islands', 'Avarua', 'Oceania', 236),
(224, 224, 'AIA', 'Anguilla', 'The Valley', 'North America', 91),
(225, 225, 'NRU', 'Nauru', 'Yaren', 'Oceania', 21),
(226, 226, 'WLF', 'Wallis and Futuna', 'Mata-Utu', 'Oceania', 142),
(227, 227, 'TUV', 'Tuvalu', 'Funafuti', 'Oceania', 26),
(228, 228, 'BLM', 'Saint Barthelemy', 'Gustavia', 'North America', 21),
(229, 229, 'SPM', 'Saint Pierre and Miquelon', 'Saint-Pierre', 'North America', 242),
(230, 230, 'MSR', 'Montserrat', 'Brades', 'North America', 102),
(231, 231, 'FLK', 'Falkland Islands', 'Stanley', 'South America', 12173),
(232, 232, 'NIU', 'Niue', 'Alofi', 'Oceania', 260),
(233, 233, 'TKL', 'Tokelau', 'Nukunonu', 'Oceania', 12),
(234, 234, 'VAT', 'Vatican City', 'Vatican City', 'Europe', 1);

-- --------------------------------------------------------

--
-- Tabelstructuur voor tabel `population`
--

CREATE TABLE `population` (
  `id` int(11) NOT NULL,
  `country_id` int(11) NOT NULL,
  `pop_2022` int(11) NOT NULL,
  `pop_2020` int(11) NOT NULL,
  `pop_2010` int(11) NOT NULL,
  `pop_2000` int(11) NOT NULL,
  `pop_1990` int(11) NOT NULL,
  `pop_1980` int(11) NOT NULL,
  `pop_1970` int(11) NOT NULL
) ENGINE=InnoDB DEFAULT CHARSET=utf8mb4 COLLATE=utf8mb4_general_ci;

--
-- Gegevens worden geëxporteerd voor tabel `population`
--

INSERT INTO `population` (`id`, `country_id`, `pop_2022`, `pop_2020`, `pop_2010`, `pop_2000`, `pop_1990`, `pop_1980`, `pop_1970`) VALUES
(2, 36, 41128771, 38972230, 28189672, 19542982, 10694796, 12486631, 10752971),
(3, 138, 2842321, 2866849, 2913399, 3182021, 3295066, 2941651, 2324731),
(4, 34, 44903225, 43451666, 35856344, 30774621, 25518074, 18739378, 13795915),
(5, 213, 44273, 46189, 54849, 58230, 47818, 32886, 27075),
(6, 203, 79824, 77700, 71519, 66097, 53569, 35611, 19860),
(7, 42, 35588987, 33428485, 23364185, 16394062, 11828638, 8330047, 6029700),
(8, 224, 15857, 15585, 13172, 11047, 8316, 6560, 6283),
(9, 201, 93763, 92664, 85695, 75055, 63328, 64888, 64516),
(10, 33, 45510318, 45036032, 41100123, 37070774, 32637657, 28024803, 23842803),
(11, 140, 2780469, 2805608, 2946293, 3168523, 3556539, 3135123, 2534377),
(12, 198, 106445, 106585, 100341, 89101, 65712, 62267, 59106),
(13, 55, 26177413, 25670051, 22019168, 19017963, 17048003, 14706322, 12595034),
(14, 99, 8939617, 8907777, 8362829, 8010428, 7678729, 7547561, 7465301),
(15, 91, 10358074, 10284951, 9237202, 8190337, 7427836, 6383060, 5425317),
(16, 176, 409984, 406471, 373272, 325014, 270679, 223752, 179129),
(17, 154, 1472233, 1477469, 1213645, 711442, 517418, 362595, 222555),
(18, 8, 171186372, 167420951, 148391139, 129193327, 107147651, 83929765, 67541860),
(19, 186, 281635, 280693, 274711, 264657, 258868, 253575, 241397),
(20, 96, 9534954, 9633740, 9731427, 10256483, 10428525, 9817257, 9170786),
(21, 81, 11655930, 11561717, 10877947, 10264343, 9959560, 9828986, 9629376),
(22, 177, 405272, 394921, 322106, 240406, 182589, 145133, 120905),
(23, 77, 13352864, 12643123, 9445710, 6998023, 5133419, 3833939, 3023443),
(24, 206, 64184, 64031, 63447, 61371, 57470, 53565, 52019),
(25, 165, 782455, 772506, 705516, 587207, 558442, 415257, 298894),
(26, 80, 12224110, 11936162, 10223270, 8592656, 7096194, 5736088, 4585693),
(27, 137, 3233526, 3318407, 3811088, 4179350, 4494310, 4199820, 3815561),
(28, 144, 2630296, 2546402, 2091664, 1726985, 1341474, 938578, 592244),
(29, 7, 215313498, 213196304, 196353492, 175873720, 150706446, 122288383, 96369875),
(30, 221, 31305, 30910, 27556, 20104, 15617, 11109, 9581),
(31, 175, 449002, 441725, 396053, 333926, 261928, 187921, 133343),
(32, 108, 6781953, 6979175, 7592273, 8097691, 8767778, 8980606, 8582950),
(33, 58, 22673762, 21522626, 16116845, 11882888, 9131361, 6932967, 5611666),
(34, 78, 12889576, 12220227, 9126605, 6307659, 5483793, 4312834, 3497834),
(35, 73, 16767842, 16396860, 14363532, 12118841, 8910808, 6198959, 6708525),
(36, 53, 27914536, 26491087, 19878036, 15091594, 11430520, 8519891, 6452787),
(37, 39, 38454327, 37888705, 33963412, 30683313, 27657204, 24511510, 21434577),
(38, 171, 593149, 582640, 521212, 458251, 364563, 317234, 287262),
(39, 205, 68706, 67311, 54074, 39658, 26027, 17100, 10533),
(40, 117, 5579144, 5343020, 4660067, 3759170, 2809221, 2415276, 2067356),
(41, 69, 17723315, 16644701, 11894727, 8259137, 5827069, 4408230, 3667394),
(42, 65, 19603733, 19300315, 17004162, 15351799, 13342868, 11469828, 9820481),
(43, 1, 1425887337, 1424929781, 1348191368, 1264099069, 1153704252, 982372466, 822534450),
(44, 28, 51874024, 50930662, 44816108, 39215135, 32601393, 26176195, 20905254),
(45, 163, 836774, 806166, 656024, 536758, 431119, 328328, 242351),
(46, 223, 17011, 17029, 17212, 15897, 17123, 17651, 20470),
(47, 124, 5180829, 5123105, 4622252, 3979193, 3158253, 2414303, 1855697),
(48, 130, 4030358, 4096868, 4368682, 4548434, 4873707, 4680144, 4492638),
(49, 85, 11212191, 11300698, 11290417, 11105791, 10626680, 9809107, 8869636),
(50, 189, 191163, 189288, 159380, 141424, 155446, 156851, 150385),
(51, 158, 1251488, 1237537, 1129686, 948237, 788500, 679327, 640804),
(52, 88, 10493986, 10530953, 10464749, 10234710, 10301192, 10270060, 9795744),
(53, 115, 5882261, 5825641, 5550849, 5340655, 5144623, 5125392, 4922963),
(54, 160, 1120849, 1090156, 919199, 742033, 577173, 324121, 144379),
(55, 204, 72737, 71995, 68755, 68346, 69481, 72978, 68895),
(56, 84, 11228821, 10999664, 9775755, 8540791, 7129004, 5755800, 4475871),
(57, 15, 99010212, 92853164, 66391257, 48616317, 35987541, 26708686, 20151733),
(58, 67, 18001000, 17588595, 14989585, 12626507, 10449837, 8135845, 6172215),
(59, 14, 110990103, 107465134, 87252413, 71371371, 57214630, 43748556, 34781986),
(60, 112, 6336392, 6292731, 6114034, 5958482, 5367179, 4508992, 3619090),
(61, 152, 1674908, 1596049, 1094524, 684977, 465549, 282509, 316955),
(62, 132, 3684032, 3555868, 3147727, 2392880, 2149960, 1657982, 1272748),
(63, 156, 1326062, 1329444, 1331535, 1396877, 1570674, 1476983, 1361999),
(64, 159, 1201670, 1180655, 1099920, 1030496, 854011, 598564, 442865),
(65, 12, 123379924, 117190911, 89237791, 67031867, 47878073, 34945469, 28308246),
(66, 231, 3780, 3747, 3187, 3080, 2332, 2240, 2274),
(67, 209, 53090, 52415, 48410, 45660, 47479, 43054, 38416),
(68, 162, 929766, 920422, 905169, 832509, 780430, 644582, 527634),
(69, 118, 5540745, 5529468, 5363271, 5176209, 4986545, 4779418, 4606621),
(70, 23, 64626628, 64480053, 62444567, 58665453, 56412897, 53713830, 50523586),
(71, 184, 304557, 290969, 228453, 164351, 113931, 66825, 46484),
(72, 183, 306279, 301920, 283788, 250927, 211089, 163591, 117891),
(73, 146, 2388992, 2292573, 1711105, 1272935, 983028, 749078, 597192),
(74, 142, 2705992, 2573995, 1937275, 1437539, 1040616, 718586, 528731),
(75, 131, 3744385, 3765912, 3836831, 4265172, 5391636, 5145843, 4800426),
(76, 19, 83369843, 83328988, 81325090, 81551677, 79370196, 77786703, 78294583),
(77, 47, 33475870, 32180401, 25574719, 19665502, 15446982, 11865246, 8861895),
(78, 219, 32649, 32709, 31262, 27741, 27317, 28734, 26685),
(79, 90, 10384971, 10512232, 11033783, 11038109, 10302255, 9307148, 8544873),
(80, 208, 56466, 56026, 56351, 56184, 55599, 50106, 45434),
(81, 193, 125438, 123663, 114039, 107432, 99047, 94838, 98794),
(82, 178, 395752, 395642, 403072, 424067, 391951, 334234, 318310),
(83, 191, 171774, 169231, 164905, 160188, 138263, 110286, 88300),
(84, 68, 17843908, 17362718, 14543121, 11735894, 9084780, 6987767, 5453208),
(85, 207, 63301, 62794, 60782, 59114, 57727, 52860, 52656),
(86, 75, 13859341, 13205153, 10270728, 8336967, 6354145, 4972609, 4222374),
(87, 149, 2105566, 2015828, 1567220, 1230849, 973551, 831462, 591663),
(88, 164, 808726, 797202, 747932, 759051, 747116, 778176, 705261),
(89, 82, 11584996, 11306801, 9842880, 8360225, 6925331, 5646676, 4680812),
(90, 89, 10432860, 10121763, 8450933, 6656725, 5053234, 3777990, 2782753),
(91, 104, 7488865, 7500958, 7132438, 6731195, 5838574, 4978544, 3955072),
(92, 94, 9967308, 9750573, 9986825, 10202055, 10375989, 10698679, 10315366),
(93, 179, 372899, 366669, 318333, 281462, 255019, 228263, 204468),
(94, 2, 1417173173, 1396387127, 1240613620, 1059633675, 870452165, 696828385, 557501301),
(95, 4, 275501339, 271857970, 244016173, 214072421, 182159874, 148177096, 115228394),
(96, 17, 88550570, 87290193, 75373855, 65544383, 55793629, 38520664, 28449705),
(97, 35, 44496122, 42556984, 31264875, 24628858, 17658381, 13653369, 9811347),
(98, 125, 5023109, 4946119, 4524585, 3768950, 3485374, 3391387, 2937637),
(99, 202, 84519, 84046, 83828, 75562, 68865, 64022, 55298),
(100, 98, 9038309, 8757489, 7328445, 6116958, 4803254, 3744608, 2907307),
(101, 25, 59037474, 59500579, 59822450, 56966397, 56756561, 56329482, 53324036),
(102, 52, 28160542, 26811790, 21120042, 16799670, 11910540, 8303809, 5477086),
(103, 139, 2827377, 2820436, 2733896, 2612205, 2392030, 2135546, 1859091),
(104, 11, 123951692, 125244761, 128105431, 126803861, 123686321, 117624196, 105416839),
(105, 195, 110778, 108319, 96151, 86192, 82874, 75124, 68347),
(106, 83, 11285869, 10928721, 6931258, 5056174, 3480587, 2216903, 1557374),
(107, 66, 19397998, 18979243, 16627837, 15236253, 16866563, 14172710, 12265305),
(108, 27, 54027487, 51985780, 41517895, 30851606, 23162269, 16187124, 11473087),
(109, 192, 131232, 126463, 107995, 88826, 75124, 60813, 57437),
(110, 129, 4268873, 4360444, 2943356, 1934901, 1674938, 1493870, 802786),
(111, 110, 6630623, 6424874, 5483774, 4935182, 4394734, 3691209, 3016384),
(112, 103, 7529475, 7319399, 6323418, 5430853, 4314443, 3297519, 2675283),
(113, 151, 1850651, 1897052, 2101530, 2392530, 2689391, 2572037, 2397414),
(114, 119, 5489739, 5662923, 4995800, 4320642, 3593700, 2963702, 2381791),
(115, 147, 2305825, 2254100, 2022747, 1998630, 1798997, 1407672, 1023481),
(116, 121, 5302681, 5087584, 4019956, 2895224, 2209731, 1932169, 1463563),
(117, 107, 6812341, 6653942, 6491988, 5154790, 4236983, 2962720, 1909177),
(118, 216, 39327, 38756, 35926, 33026, 28765, 25003, 21089),
(119, 141, 2750055, 2820267, 3139019, 3599637, 3785847, 3521206, 3210147),
(120, 168, 647599, 630399, 507070, 435628, 381267, 363741, 339342),
(121, 167, 695168, 676283, 557297, 431896, 350227, 245332, 247284),
(122, 50, 29611714, 28225177, 21731053, 16216431, 11882762, 8948162, 6639751),
(123, 62, 20405317, 19377061, 14718422, 11229387, 9539665, 6267369, 4625141),
(124, 45, 33938221, 33199993, 28717731, 22945150, 17517054, 13215707, 10306508),
(125, 174, 523787, 514438, 361575, 282507, 224957, 164887, 123243),
(126, 59, 22593590, 21224040, 15529181, 11239101, 8945026, 7372581, 6153587),
(127, 173, 533286, 515357, 418755, 399212, 365392, 333587, 315414),
(128, 215, 41569, 43413, 53416, 54224, 46047, 31988, 23969),
(129, 180, 367507, 370391, 392181, 432543, 374271, 333786, 326428),
(130, 126, 4736139, 4498604, 3419461, 2695003, 2006027, 1506694, 1122198),
(131, 157, 1299469, 1297828, 1283330, 1215930, 1090290, 954865, 830115),
(132, 182, 326101, 305587, 211786, 159215, 92659, 52233, 35383),
(133, 10, 127504125, 125998302, 112532401, 97873442, 81720428, 67705186, 50289306),
(134, 194, 114164, 112106, 107588, 111709, 98603, 76299, 58989),
(135, 135, 3272996, 3084847, 3678186, 4251573, 4480199, 4103240, 3711140),
(136, 217, 36469, 36922, 33178, 32465, 30329, 27076, 24270),
(137, 134, 3398366, 3294335, 2702520, 2450979, 2161433, 1697780, 1293880),
(138, 169, 627082, 629048, 631044, 633324, 621442, 589324, 530268),
(139, 230, 4390, 4500, 4938, 5138, 10805, 11452, 11402),
(140, 40, 37457971, 36688772, 32464865, 28554415, 24570814, 19678444, 15274351),
(141, 48, 32969517, 31178239, 23073723, 17768505, 13303459, 11413587, 8411676),
(142, 26, 54179306, 53423198, 49390988, 45538332, 40099553, 33465781, 27284112),
(143, 145, 2567012, 2489098, 2099271, 1819141, 1369011, 975994, 754467),
(144, 225, 12668, 12315, 10241, 10377, 9598, 7635, 6663),
(145, 49, 30547580, 29348627, 27161567, 24559500, 19616530, 15600442, 12501285),
(146, 71, 17564014, 17434557, 16617116, 15899135, 14944548, 14130387, 13037686),
(147, 185, 289950, 286403, 261426, 221537, 177264, 148599, 110982),
(148, 123, 5185288, 5061133, 4346338, 3855266, 3397389, 3147168, 2824061),
(149, 106, 6948392, 6755895, 5855734, 5123222, 4227820, 3303309, 2444767),
(150, 54, 26207977, 24333639, 16647543, 11622665, 8370647, 6173177, 4669708),
(151, 6, 218541212, 208327405, 160952853, 122851984, 95214257, 72951439, 55569264),
(152, 232, 1934, 1942, 1812, 2074, 2533, 3637, 5185),
(153, 56, 26069416, 25867467, 24686435, 23367059, 20799523, 17973650, 14996879),
(154, 150, 2093599, 2111072, 2093828, 2037936, 2044174, 1907023, 1656783),
(155, 210, 49551, 49587, 54087, 80338, 48002, 17613, 10143),
(156, 120, 5434319, 5379839, 4889741, 4491202, 4241636, 4085776, 3875546),
(157, 127, 4576298, 4543399, 2881914, 2344253, 1804524, 1017462, 670693),
(158, 5, 235824862, 227196741, 194454498, 154369924, 115414069, 80624057, 59290872),
(159, 222, 18055, 17972, 18540, 19726, 15293, 12252, 11366),
(160, 122, 5250072, 5019401, 3992278, 3139954, 2124609, 1453620, 1118241),
(161, 128, 4408581, 4294396, 3623617, 3001731, 2449968, 1956987, 1516188),
(162, 93, 10142619, 9749640, 7583269, 5508297, 3864972, 3104788, 2489059),
(163, 109, 6780744, 6618695, 5768613, 5123819, 4059195, 3078912, 2408787),
(164, 44, 34049588, 33304756, 29229572, 26654439, 22109099, 17492406, 13562371),
(165, 13, 115559009, 112190977, 94636700, 77958223, 61558898, 48419546, 37435586),
(166, 37, 39857145, 38428366, 38597353, 38504431, 38064255, 35521429, 32482943),
(167, 92, 10270865, 10298192, 10588401, 10300626, 10007346, 9785252, 8683631),
(168, 136, 3252407, 3271564, 3717922, 3827108, 3543776, 3214568, 2737619),
(169, 143, 2695122, 2760385, 1713504, 645937, 441675, 277450, 118007),
(170, 114, 5970424, 5702174, 4437884, 3134030, 2385435, 1829256, 1396989),
(171, 161, 974052, 957822, 890130, 785424, 658992, 551674, 473925),
(172, 64, 19659267, 19442038, 20335211, 21919876, 22836234, 22125224, 19922618),
(173, 9, 144713314, 145617329, 143242599, 146844839, 148005704, 138257420, 130093010),
(174, 76, 13776698, 13146362, 10309031, 8109989, 7319962, 5247532, 3896367),
(175, 228, 10967, 10681, 8988, 7082, 5168, 2983, 2417),
(176, 211, 47657, 47642, 47403, 45461, 40636, 43097, 44968),
(177, 190, 179857, 179237, 170935, 159500, 142301, 121633, 103090),
(178, 220, 31791, 32552, 36458, 29610, 28127, 7776, 5802),
(179, 229, 5862, 5906, 6052, 6274, 6324, 6106, 5537),
(180, 199, 103948, 104632, 109308, 113813, 112487, 107480, 98459),
(181, 188, 222382, 214929, 194672, 184008, 168186, 164905, 142771),
(182, 218, 33660, 34007, 31608, 26823, 23132, 21346, 18169),
(183, 187, 227380, 218641, 182138, 143714, 120343, 97210, 77583),
(184, 41, 36408820, 35997107, 29411929, 21547390, 16004763, 10171710, 6106191),
(185, 72, 17316449, 16436119, 12530121, 9704287, 7536001, 5703869, 4367744),
(186, 105, 7221365, 7358005, 7653748, 7935022, 7987529, 7777010, 7193533),
(187, 196, 107118, 105530, 92409, 80060, 71057, 65290, 54379),
(188, 102, 8605718, 8233969, 6436698, 4584067, 4325388, 3367477, 2778557),
(189, 113, 5975689, 5909869, 5163590, 4053602, 3022209, 2400729, 2061831),
(190, 214, 44175, 43621, 33034, 30489, 27845, 12243, 6260),
(191, 116, 5643453, 5456681, 5396424, 5376690, 5261305, 4973883, 4522867),
(192, 148, 2119844, 2117641, 2057286, 1984339, 1986024, 1901570, 1741286),
(193, 166, 724273, 691191, 540394, 429978, 324171, 233668, 172833),
(194, 70, 17597511, 16537016, 12026649, 8721465, 6999096, 5892224, 3720977),
(195, 24, 59893885, 58801927, 51784921, 46813266, 39877570, 29463549, 22368306),
(196, 29, 51815810, 51844690, 48813042, 46788591, 44120039, 38170501, 32601143),
(197, 86, 10913164, 10606227, 9714419, 6114440, 4750817, 4192011, 3342410),
(198, 30, 47558630, 47363807, 46572772, 40741651, 38889889, 37491666, 33792617),
(199, 61, 21832143, 21715079, 20668557, 18776371, 17204094, 14943645, 12388769),
(200, 32, 46874204, 44440486, 33739933, 26298773, 21090886, 16673586, 11305206),
(201, 170, 618040, 607065, 546080, 478998, 412756, 375112, 379918),
(202, 87, 10549347, 10368969, 9381729, 8871043, 8548406, 8311763, 8027702),
(203, 101, 8740472, 8638613, 7822435, 7182059, 6711693, 6319113, 6181227),
(204, 60, 22125249, 20772595, 22337563, 16307654, 12408996, 8898954, 6319199),
(205, 57, 23893394, 23821464, 23083083, 22194731, 20586174, 18100281, 14957870),
(206, 95, 9952787, 9543207, 7621779, 6272998, 5417860, 4045965, 2993019),
(207, 22, 65497748, 61704518, 45110527, 34463704, 26206012, 19297659, 13618192),
(208, 20, 71697030, 71475664, 68270489, 63066603, 55228410, 45737753, 35791728),
(209, 155, 1341296, 1299995, 1088486, 878360, 758106, 642224, 554021),
(210, 100, 8848699, 8442580, 6571855, 5008035, 3875947, 2838110, 2197383),
(211, 233, 1871, 1827, 1367, 1666, 1669, 1647, 1714),
(212, 197, 106858, 105254, 107383, 102603, 98727, 96708, 86484),
(213, 153, 1531044, 1518147, 1410296, 1332203, 1266518, 1127852, 988890),
(214, 79, 12356117, 12161723, 10895063, 9893316, 8440023, 6578156, 5047404),
(215, 18, 85341241, 84135428, 73195345, 64113547, 54324142, 44089069, 35540990),
(216, 111, 6430770, 6250438, 5267970, 4569132, 3720278, 2862903, 2201432),
(217, 212, 45703, 44276, 29726, 18744, 11709, 7598, 5665),
(218, 227, 11312, 11069, 10550, 9638, 9182, 7731, 5814),
(219, 31, 47249585, 44404611, 32341728, 24020697, 17586630, 13284026, 10317212),
(220, 38, 39701739, 43909666, 45683020, 48879755, 51589817, 49973920, 47279086),
(221, 97, 9441129, 9287289, 8481771, 3275333, 1900151, 1014048, 298084),
(222, 21, 67508936, 67059474, 62760039, 58850043, 57210442, 56326328, 55650166),
(223, 3, 338289857, 335942003, 311182845, 282398554, 248083732, 223140018, 200328340),
(224, 200, 99465, 100442, 106142, 108185, 100685, 96640, 63446),
(225, 133, 3422794, 3429086, 3352651, 3292224, 3117012, 2953750, 2790265),
(226, 43, 34627652, 33526656, 28614227, 24925554, 20579100, 15947129, 12011361),
(227, 181, 326740, 311685, 245453, 192074, 150882, 118156, 87019),
(228, 234, 510, 520, 596, 651, 700, 733, 752),
(229, 51, 28301696, 28490453, 28715022, 24427729, 19750579, 15210443, 11355475),
(230, 16, 98186856, 96648685, 87411012, 79001142, 66912613, 52968270, 41928849),
(231, 226, 11572, 11655, 13142, 14723, 13454, 11315, 9377),
(232, 172, 575986, 556048, 413296, 270375, 178529, 116775, 76371),
(233, 46, 33696614, 32284046, 24743946, 18628700, 13375121, 9204938, 6843607),
(234, 63, 20017675, 18927715, 13792086, 9891136, 7686401, 5720438, 4281671),
(235, 74, 16320537, 15669666, 12839771, 11834676, 10113893, 7049926, 5202918),
(236, 36, 41128771, 38972230, 28189672, 19542982, 10694796, 12486631, 10752971),
(237, 138, 2842321, 2866849, 2913399, 3182021, 3295066, 2941651, 2324731),
(238, 34, 44903225, 43451666, 35856344, 30774621, 25518074, 18739378, 13795915),
(239, 213, 44273, 46189, 54849, 58230, 47818, 32886, 27075),
(240, 203, 79824, 77700, 71519, 66097, 53569, 35611, 19860),
(241, 42, 35588987, 33428485, 23364185, 16394062, 11828638, 8330047, 6029700),
(242, 224, 15857, 15585, 13172, 11047, 8316, 6560, 6283),
(243, 201, 93763, 92664, 85695, 75055, 63328, 64888, 64516),
(244, 33, 45510318, 45036032, 41100123, 37070774, 32637657, 28024803, 23842803),
(245, 140, 2780469, 2805608, 2946293, 3168523, 3556539, 3135123, 2534377),
(246, 198, 106445, 106585, 100341, 89101, 65712, 62267, 59106),
(247, 55, 26177413, 25670051, 22019168, 19017963, 17048003, 14706322, 12595034),
(248, 99, 8939617, 8907777, 8362829, 8010428, 7678729, 7547561, 7465301),
(249, 91, 10358074, 10284951, 9237202, 8190337, 7427836, 6383060, 5425317),
(250, 176, 409984, 406471, 373272, 325014, 270679, 223752, 179129),
(251, 154, 1472233, 1477469, 1213645, 711442, 517418, 362595, 222555),
(252, 8, 171186372, 167420951, 148391139, 129193327, 107147651, 83929765, 67541860),
(253, 186, 281635, 280693, 274711, 264657, 258868, 253575, 241397),
(254, 96, 9534954, 9633740, 9731427, 10256483, 10428525, 9817257, 9170786),
(255, 81, 11655930, 11561717, 10877947, 10264343, 9959560, 9828986, 9629376),
(256, 177, 405272, 394921, 322106, 240406, 182589, 145133, 120905),
(257, 77, 13352864, 12643123, 9445710, 6998023, 5133419, 3833939, 3023443),
(258, 206, 64184, 64031, 63447, 61371, 57470, 53565, 52019),
(259, 165, 782455, 772506, 705516, 587207, 558442, 415257, 298894),
(260, 80, 12224110, 11936162, 10223270, 8592656, 7096194, 5736088, 4585693),
(261, 137, 3233526, 3318407, 3811088, 4179350, 4494310, 4199820, 3815561),
(262, 144, 2630296, 2546402, 2091664, 1726985, 1341474, 938578, 592244),
(263, 7, 215313498, 213196304, 196353492, 175873720, 150706446, 122288383, 96369875),
(264, 221, 31305, 30910, 27556, 20104, 15617, 11109, 9581),
(265, 175, 449002, 441725, 396053, 333926, 261928, 187921, 133343),
(266, 108, 6781953, 6979175, 7592273, 8097691, 8767778, 8980606, 8582950),
(267, 58, 22673762, 21522626, 16116845, 11882888, 9131361, 6932967, 5611666),
(268, 78, 12889576, 12220227, 9126605, 6307659, 5483793, 4312834, 3497834),
(269, 73, 16767842, 16396860, 14363532, 12118841, 8910808, 6198959, 6708525),
(270, 53, 27914536, 26491087, 19878036, 15091594, 11430520, 8519891, 6452787),
(271, 39, 38454327, 37888705, 33963412, 30683313, 27657204, 24511510, 21434577),
(272, 171, 593149, 582640, 521212, 458251, 364563, 317234, 287262),
(273, 205, 68706, 67311, 54074, 39658, 26027, 17100, 10533),
(274, 117, 5579144, 5343020, 4660067, 3759170, 2809221, 2415276, 2067356),
(275, 69, 17723315, 16644701, 11894727, 8259137, 5827069, 4408230, 3667394),
(276, 65, 19603733, 19300315, 17004162, 15351799, 13342868, 11469828, 9820481),
(277, 1, 1425887337, 1424929781, 1348191368, 1264099069, 1153704252, 982372466, 822534450),
(278, 28, 51874024, 50930662, 44816108, 39215135, 32601393, 26176195, 20905254),
(279, 163, 836774, 806166, 656024, 536758, 431119, 328328, 242351),
(280, 223, 17011, 17029, 17212, 15897, 17123, 17651, 20470),
(281, 124, 5180829, 5123105, 4622252, 3979193, 3158253, 2414303, 1855697),
(282, 130, 4030358, 4096868, 4368682, 4548434, 4873707, 4680144, 4492638),
(283, 85, 11212191, 11300698, 11290417, 11105791, 10626680, 9809107, 8869636),
(284, 189, 191163, 189288, 159380, 141424, 155446, 156851, 150385),
(285, 158, 1251488, 1237537, 1129686, 948237, 788500, 679327, 640804),
(286, 88, 10493986, 10530953, 10464749, 10234710, 10301192, 10270060, 9795744),
(287, 115, 5882261, 5825641, 5550849, 5340655, 5144623, 5125392, 4922963),
(288, 160, 1120849, 1090156, 919199, 742033, 577173, 324121, 144379),
(289, 204, 72737, 71995, 68755, 68346, 69481, 72978, 68895),
(290, 84, 11228821, 10999664, 9775755, 8540791, 7129004, 5755800, 4475871),
(291, 15, 99010212, 92853164, 66391257, 48616317, 35987541, 26708686, 20151733),
(292, 67, 18001000, 17588595, 14989585, 12626507, 10449837, 8135845, 6172215),
(293, 14, 110990103, 107465134, 87252413, 71371371, 57214630, 43748556, 34781986),
(294, 112, 6336392, 6292731, 6114034, 5958482, 5367179, 4508992, 3619090),
(295, 152, 1674908, 1596049, 1094524, 684977, 465549, 282509, 316955),
(296, 132, 3684032, 3555868, 3147727, 2392880, 2149960, 1657982, 1272748),
(297, 156, 1326062, 1329444, 1331535, 1396877, 1570674, 1476983, 1361999),
(298, 159, 1201670, 1180655, 1099920, 1030496, 854011, 598564, 442865),
(299, 12, 123379924, 117190911, 89237791, 67031867, 47878073, 34945469, 28308246),
(300, 231, 3780, 3747, 3187, 3080, 2332, 2240, 2274),
(301, 209, 53090, 52415, 48410, 45660, 47479, 43054, 38416),
(302, 162, 929766, 920422, 905169, 832509, 780430, 644582, 527634),
(303, 118, 5540745, 5529468, 5363271, 5176209, 4986545, 4779418, 4606621),
(304, 23, 64626628, 64480053, 62444567, 58665453, 56412897, 53713830, 50523586),
(305, 184, 304557, 290969, 228453, 164351, 113931, 66825, 46484),
(306, 183, 306279, 301920, 283788, 250927, 211089, 163591, 117891),
(307, 146, 2388992, 2292573, 1711105, 1272935, 983028, 749078, 597192),
(308, 142, 2705992, 2573995, 1937275, 1437539, 1040616, 718586, 528731),
(309, 131, 3744385, 3765912, 3836831, 4265172, 5391636, 5145843, 4800426),
(310, 19, 83369843, 83328988, 81325090, 81551677, 79370196, 77786703, 78294583),
(311, 47, 33475870, 32180401, 25574719, 19665502, 15446982, 11865246, 8861895),
(312, 219, 32649, 32709, 31262, 27741, 27317, 28734, 26685),
(313, 90, 10384971, 10512232, 11033783, 11038109, 10302255, 9307148, 8544873),
(314, 208, 56466, 56026, 56351, 56184, 55599, 50106, 45434),
(315, 193, 125438, 123663, 114039, 107432, 99047, 94838, 98794),
(316, 178, 395752, 395642, 403072, 424067, 391951, 334234, 318310),
(317, 191, 171774, 169231, 164905, 160188, 138263, 110286, 88300),
(318, 68, 17843908, 17362718, 14543121, 11735894, 9084780, 6987767, 5453208),
(319, 207, 63301, 62794, 60782, 59114, 57727, 52860, 52656),
(320, 75, 13859341, 13205153, 10270728, 8336967, 6354145, 4972609, 4222374),
(321, 149, 2105566, 2015828, 1567220, 1230849, 973551, 831462, 591663),
(322, 164, 808726, 797202, 747932, 759051, 747116, 778176, 705261),
(323, 82, 11584996, 11306801, 9842880, 8360225, 6925331, 5646676, 4680812),
(324, 89, 10432860, 10121763, 8450933, 6656725, 5053234, 3777990, 2782753),
(325, 104, 7488865, 7500958, 7132438, 6731195, 5838574, 4978544, 3955072),
(326, 94, 9967308, 9750573, 9986825, 10202055, 10375989, 10698679, 10315366),
(327, 179, 372899, 366669, 318333, 281462, 255019, 228263, 204468),
(328, 2, 1417173173, 1396387127, 1240613620, 1059633675, 870452165, 696828385, 557501301),
(329, 4, 275501339, 271857970, 244016173, 214072421, 182159874, 148177096, 115228394),
(330, 17, 88550570, 87290193, 75373855, 65544383, 55793629, 38520664, 28449705),
(331, 35, 44496122, 42556984, 31264875, 24628858, 17658381, 13653369, 9811347),
(332, 125, 5023109, 4946119, 4524585, 3768950, 3485374, 3391387, 2937637),
(333, 202, 84519, 84046, 83828, 75562, 68865, 64022, 55298),
(334, 98, 9038309, 8757489, 7328445, 6116958, 4803254, 3744608, 2907307),
(335, 25, 59037474, 59500579, 59822450, 56966397, 56756561, 56329482, 53324036),
(336, 52, 28160542, 26811790, 21120042, 16799670, 11910540, 8303809, 5477086),
(337, 139, 2827377, 2820436, 2733896, 2612205, 2392030, 2135546, 1859091),
(338, 11, 123951692, 125244761, 128105431, 126803861, 123686321, 117624196, 105416839),
(339, 195, 110778, 108319, 96151, 86192, 82874, 75124, 68347),
(340, 83, 11285869, 10928721, 6931258, 5056174, 3480587, 2216903, 1557374),
(341, 66, 19397998, 18979243, 16627837, 15236253, 16866563, 14172710, 12265305),
(342, 27, 54027487, 51985780, 41517895, 30851606, 23162269, 16187124, 11473087),
(343, 192, 131232, 126463, 107995, 88826, 75124, 60813, 57437),
(344, 129, 4268873, 4360444, 2943356, 1934901, 1674938, 1493870, 802786),
(345, 110, 6630623, 6424874, 5483774, 4935182, 4394734, 3691209, 3016384),
(346, 103, 7529475, 7319399, 6323418, 5430853, 4314443, 3297519, 2675283),
(347, 151, 1850651, 1897052, 2101530, 2392530, 2689391, 2572037, 2397414),
(348, 119, 5489739, 5662923, 4995800, 4320642, 3593700, 2963702, 2381791),
(349, 147, 2305825, 2254100, 2022747, 1998630, 1798997, 1407672, 1023481),
(350, 121, 5302681, 5087584, 4019956, 2895224, 2209731, 1932169, 1463563),
(351, 107, 6812341, 6653942, 6491988, 5154790, 4236983, 2962720, 1909177),
(352, 216, 39327, 38756, 35926, 33026, 28765, 25003, 21089),
(353, 141, 2750055, 2820267, 3139019, 3599637, 3785847, 3521206, 3210147),
(354, 168, 647599, 630399, 507070, 435628, 381267, 363741, 339342),
(355, 167, 695168, 676283, 557297, 431896, 350227, 245332, 247284),
(356, 50, 29611714, 28225177, 21731053, 16216431, 11882762, 8948162, 6639751),
(357, 62, 20405317, 19377061, 14718422, 11229387, 9539665, 6267369, 4625141),
(358, 45, 33938221, 33199993, 28717731, 22945150, 17517054, 13215707, 10306508),
(359, 174, 523787, 514438, 361575, 282507, 224957, 164887, 123243),
(360, 59, 22593590, 21224040, 15529181, 11239101, 8945026, 7372581, 6153587),
(361, 173, 533286, 515357, 418755, 399212, 365392, 333587, 315414),
(362, 215, 41569, 43413, 53416, 54224, 46047, 31988, 23969),
(363, 180, 367507, 370391, 392181, 432543, 374271, 333786, 326428),
(364, 126, 4736139, 4498604, 3419461, 2695003, 2006027, 1506694, 1122198),
(365, 157, 1299469, 1297828, 1283330, 1215930, 1090290, 954865, 830115),
(366, 182, 326101, 305587, 211786, 159215, 92659, 52233, 35383),
(367, 10, 127504125, 125998302, 112532401, 97873442, 81720428, 67705186, 50289306),
(368, 194, 114164, 112106, 107588, 111709, 98603, 76299, 58989),
(369, 135, 3272996, 3084847, 3678186, 4251573, 4480199, 4103240, 3711140),
(370, 217, 36469, 36922, 33178, 32465, 30329, 27076, 24270),
(371, 134, 3398366, 3294335, 2702520, 2450979, 2161433, 1697780, 1293880),
(372, 169, 627082, 629048, 631044, 633324, 621442, 589324, 530268),
(373, 230, 4390, 4500, 4938, 5138, 10805, 11452, 11402),
(374, 40, 37457971, 36688772, 32464865, 28554415, 24570814, 19678444, 15274351),
(375, 48, 32969517, 31178239, 23073723, 17768505, 13303459, 11413587, 8411676),
(376, 26, 54179306, 53423198, 49390988, 45538332, 40099553, 33465781, 27284112),
(377, 145, 2567012, 2489098, 2099271, 1819141, 1369011, 975994, 754467),
(378, 225, 12668, 12315, 10241, 10377, 9598, 7635, 6663),
(379, 49, 30547580, 29348627, 27161567, 24559500, 19616530, 15600442, 12501285),
(380, 71, 17564014, 17434557, 16617116, 15899135, 14944548, 14130387, 13037686),
(381, 185, 289950, 286403, 261426, 221537, 177264, 148599, 110982),
(382, 123, 5185288, 5061133, 4346338, 3855266, 3397389, 3147168, 2824061),
(383, 106, 6948392, 6755895, 5855734, 5123222, 4227820, 3303309, 2444767),
(384, 54, 26207977, 24333639, 16647543, 11622665, 8370647, 6173177, 4669708),
(385, 6, 218541212, 208327405, 160952853, 122851984, 95214257, 72951439, 55569264),
(386, 232, 1934, 1942, 1812, 2074, 2533, 3637, 5185),
(387, 56, 26069416, 25867467, 24686435, 23367059, 20799523, 17973650, 14996879),
(388, 150, 2093599, 2111072, 2093828, 2037936, 2044174, 1907023, 1656783),
(389, 210, 49551, 49587, 54087, 80338, 48002, 17613, 10143),
(390, 120, 5434319, 5379839, 4889741, 4491202, 4241636, 4085776, 3875546),
(391, 127, 4576298, 4543399, 2881914, 2344253, 1804524, 1017462, 670693),
(392, 5, 235824862, 227196741, 194454498, 154369924, 115414069, 80624057, 59290872),
(393, 222, 18055, 17972, 18540, 19726, 15293, 12252, 11366),
(394, 122, 5250072, 5019401, 3992278, 3139954, 2124609, 1453620, 1118241),
(395, 128, 4408581, 4294396, 3623617, 3001731, 2449968, 1956987, 1516188),
(396, 93, 10142619, 9749640, 7583269, 5508297, 3864972, 3104788, 2489059),
(397, 109, 6780744, 6618695, 5768613, 5123819, 4059195, 3078912, 2408787),
(398, 44, 34049588, 33304756, 29229572, 26654439, 22109099, 17492406, 13562371),
(399, 13, 115559009, 112190977, 94636700, 77958223, 61558898, 48419546, 37435586),
(400, 37, 39857145, 38428366, 38597353, 38504431, 38064255, 35521429, 32482943),
(401, 92, 10270865, 10298192, 10588401, 10300626, 10007346, 9785252, 8683631),
(402, 136, 3252407, 3271564, 3717922, 3827108, 3543776, 3214568, 2737619),
(403, 143, 2695122, 2760385, 1713504, 645937, 441675, 277450, 118007),
(404, 114, 5970424, 5702174, 4437884, 3134030, 2385435, 1829256, 1396989),
(405, 161, 974052, 957822, 890130, 785424, 658992, 551674, 473925),
(406, 64, 19659267, 19442038, 20335211, 21919876, 22836234, 22125224, 19922618),
(407, 9, 144713314, 145617329, 143242599, 146844839, 148005704, 138257420, 130093010),
(408, 76, 13776698, 13146362, 10309031, 8109989, 7319962, 5247532, 3896367),
(409, 228, 10967, 10681, 8988, 7082, 5168, 2983, 2417),
(410, 211, 47657, 47642, 47403, 45461, 40636, 43097, 44968),
(411, 190, 179857, 179237, 170935, 159500, 142301, 121633, 103090),
(412, 220, 31791, 32552, 36458, 29610, 28127, 7776, 5802),
(413, 229, 5862, 5906, 6052, 6274, 6324, 6106, 5537),
(414, 199, 103948, 104632, 109308, 113813, 112487, 107480, 98459),
(415, 188, 222382, 214929, 194672, 184008, 168186, 164905, 142771),
(416, 218, 33660, 34007, 31608, 26823, 23132, 21346, 18169),
(417, 187, 227380, 218641, 182138, 143714, 120343, 97210, 77583),
(418, 41, 36408820, 35997107, 29411929, 21547390, 16004763, 10171710, 6106191),
(419, 72, 17316449, 16436119, 12530121, 9704287, 7536001, 5703869, 4367744),
(420, 105, 7221365, 7358005, 7653748, 7935022, 7987529, 7777010, 7193533),
(421, 196, 107118, 105530, 92409, 80060, 71057, 65290, 54379),
(422, 102, 8605718, 8233969, 6436698, 4584067, 4325388, 3367477, 2778557),
(423, 113, 5975689, 5909869, 5163590, 4053602, 3022209, 2400729, 2061831),
(424, 214, 44175, 43621, 33034, 30489, 27845, 12243, 6260),
(425, 116, 5643453, 5456681, 5396424, 5376690, 5261305, 4973883, 4522867),
(426, 148, 2119844, 2117641, 2057286, 1984339, 1986024, 1901570, 1741286),
(427, 166, 724273, 691191, 540394, 429978, 324171, 233668, 172833),
(428, 70, 17597511, 16537016, 12026649, 8721465, 6999096, 5892224, 3720977),
(429, 24, 59893885, 58801927, 51784921, 46813266, 39877570, 29463549, 22368306),
(430, 29, 51815810, 51844690, 48813042, 46788591, 44120039, 38170501, 32601143),
(431, 86, 10913164, 10606227, 9714419, 6114440, 4750817, 4192011, 3342410),
(432, 30, 47558630, 47363807, 46572772, 40741651, 38889889, 37491666, 33792617),
(433, 61, 21832143, 21715079, 20668557, 18776371, 17204094, 14943645, 12388769),
(434, 32, 46874204, 44440486, 33739933, 26298773, 21090886, 16673586, 11305206),
(435, 170, 618040, 607065, 546080, 478998, 412756, 375112, 379918),
(436, 87, 10549347, 10368969, 9381729, 8871043, 8548406, 8311763, 8027702),
(437, 101, 8740472, 8638613, 7822435, 7182059, 6711693, 6319113, 6181227),
(438, 60, 22125249, 20772595, 22337563, 16307654, 12408996, 8898954, 6319199),
(439, 57, 23893394, 23821464, 23083083, 22194731, 20586174, 18100281, 14957870),
(440, 95, 9952787, 9543207, 7621779, 6272998, 5417860, 4045965, 2993019),
(441, 22, 65497748, 61704518, 45110527, 34463704, 26206012, 19297659, 13618192),
(442, 20, 71697030, 71475664, 68270489, 63066603, 55228410, 45737753, 35791728),
(443, 155, 1341296, 1299995, 1088486, 878360, 758106, 642224, 554021),
(444, 100, 8848699, 8442580, 6571855, 5008035, 3875947, 2838110, 2197383),
(445, 233, 1871, 1827, 1367, 1666, 1669, 1647, 1714),
(446, 197, 106858, 105254, 107383, 102603, 98727, 96708, 86484),
(447, 153, 1531044, 1518147, 1410296, 1332203, 1266518, 1127852, 988890),
(448, 79, 12356117, 12161723, 10895063, 9893316, 8440023, 6578156, 5047404),
(449, 18, 85341241, 84135428, 73195345, 64113547, 54324142, 44089069, 35540990),
(450, 111, 6430770, 6250438, 5267970, 4569132, 3720278, 2862903, 2201432),
(451, 212, 45703, 44276, 29726, 18744, 11709, 7598, 5665),
(452, 227, 11312, 11069, 10550, 9638, 9182, 7731, 5814),
(453, 31, 47249585, 44404611, 32341728, 24020697, 17586630, 13284026, 10317212),
(454, 38, 39701739, 43909666, 45683020, 48879755, 51589817, 49973920, 47279086),
(455, 97, 9441129, 9287289, 8481771, 3275333, 1900151, 1014048, 298084),
(456, 21, 67508936, 67059474, 62760039, 58850043, 57210442, 56326328, 55650166),
(457, 3, 338289857, 335942003, 311182845, 282398554, 248083732, 223140018, 200328340),
(458, 200, 99465, 100442, 106142, 108185, 100685, 96640, 63446),
(459, 133, 3422794, 3429086, 3352651, 3292224, 3117012, 2953750, 2790265),
(460, 43, 34627652, 33526656, 28614227, 24925554, 20579100, 15947129, 12011361),
(461, 181, 326740, 311685, 245453, 192074, 150882, 118156, 87019),
(462, 234, 510, 520, 596, 651, 700, 733, 752),
(463, 51, 28301696, 28490453, 28715022, 24427729, 19750579, 15210443, 11355475),
(464, 16, 98186856, 96648685, 87411012, 79001142, 66912613, 52968270, 41928849),
(465, 226, 11572, 11655, 13142, 14723, 13454, 11315, 9377),
(466, 172, 575986, 556048, 413296, 270375, 178529, 116775, 76371),
(467, 46, 33696614, 32284046, 24743946, 18628700, 13375121, 9204938, 6843607),
(468, 63, 20017675, 18927715, 13792086, 9891136, 7686401, 5720438, 4281671),
(469, 74, 16320537, 15669666, 12839771, 11834676, 10113893, 7049926, 5202918);

--
-- Indexen voor geëxporteerde tabellen
--

--
-- Indexen voor tabel `continent`
--
ALTER TABLE `continent`
  ADD PRIMARY KEY (`id`),
  ADD UNIQUE KEY `Continent` (`Continent`);

--
-- Indexen voor tabel `countries`
--
ALTER TABLE `countries`
  ADD PRIMARY KEY (`id`),
  ADD UNIQUE KEY `Rank` (`Rank`),
  ADD UNIQUE KEY `Country` (`Country`);

--
-- Indexen voor tabel `population`
--
ALTER TABLE `population`
  ADD PRIMARY KEY (`id`),
  ADD KEY `country_id` (`country_id`);

--
-- AUTO_INCREMENT voor geëxporteerde tabellen
--

--
-- AUTO_INCREMENT voor een tabel `continent`
--
ALTER TABLE `continent`
  MODIFY `id` int(11) NOT NULL AUTO_INCREMENT, AUTO_INCREMENT=7;

--
-- AUTO_INCREMENT voor een tabel `countries`
--
ALTER TABLE `countries`
  MODIFY `id` int(11) NOT NULL AUTO_INCREMENT, AUTO_INCREMENT=235;

--
-- AUTO_INCREMENT voor een tabel `population`
--
ALTER TABLE `population`
  MODIFY `id` int(11) NOT NULL AUTO_INCREMENT, AUTO_INCREMENT=470;

--
-- Beperkingen voor geëxporteerde tabellen
--

--
-- Beperkingen voor tabel `population`
--
ALTER TABLE `population`
  ADD CONSTRAINT `population_ibfk_1` FOREIGN KEY (`country_id`) REFERENCES `countries` (`id`);
COMMIT;

/*!40101 SET CHARACTER_SET_CLIENT=@OLD_CHARACTER_SET_CLIENT */;
/*!40101 SET CHARACTER_SET_RESULTS=@OLD_CHARACTER_SET_RESULTS */;
/*!40101 SET COLLATION_CONNECTION=@OLD_COLLATION_CONNECTION */;
